Date,Close,Predictions,title_senti_comp,news_senti_comp,avg_senti_comp,residual,ols_adjusted_pred,recommnedation,recommendation,Buy,Purchased
2021-04-09,1982.050048828125,1997.648,0.0,0.0,0.0,15.597900390625,1988.525048828125,Buy,Buy,1,1982.050048828125
2021-04-12,1911.1500244140625,1995.8479,0.0,0.0,0.0,84.6978759765625,1917.6250244140624,Buy,Buy,1,1911.1500244140625
2021-04-13,1931.800048828125,1942.6788,0.0,0.0,0.0,10.8787841796875,1938.275048828125,Buy,Buy,1,1931.800048828125
2021-04-15,1944.300048828125,1919.2117,0.0,0.0,0.0,-25.08837890625,1950.775048828125,Buy,Buy,1,1944.300048828125
2021-04-16,1932.0999755859373,1918.3875,0.0,0.0,0.0,-13.712524414062273,1938.5749755859372,Buy,Buy,1,1932.0999755859373
2021-04-19,1901.699951171875,1916.3696,0.0,0.0,0.0,14.669677734375,1908.174951171875,Buy,Buy,1,1901.699951171875
2021-04-20,1901.1500244140625,1899.5605,0.0,0.0,0.0,-1.5894775390625,1907.6250244140624,Buy,Buy,1,1901.1500244140625
2021-04-22,1906.4000244140625,1887.4064,0.0,0.0,0.0,-18.99365234375,1912.8750244140624,Buy,Buy,1,1906.4000244140625
2021-04-23,1904.3499755859373,1884.2266,0.19733333333333333,0.5954666666666667,0.3933333333333333,-20.123413085937273,1901.9644315859373,Hold,Hold,0,0.0
2021-04-26,1937.8499755859373,1883.2678,-0.17615999999999998,0.09584,-0.04,-54.58215332031227,1942.8988763859372,Hold,Hold,0,0.0
2021-04-27,1988.6500244140625,1899.181,0.0,0.0,0.0,-89.468994140625,1995.1250244140624,Buy,Buy,1,1988.6500244140625
2021-04-28,1997.300048828125,1950.2301,0.0,0.0,0.0,-47.0699462890625,2003.775048828125,Buy,Buy,1,1997.300048828125
2021-04-29,2024.050048828125,1963.8899,0.09866666666666668,0.239,0.17,-60.16015625,2026.968728828125,Hold,Hold,0,0.0
2021-04-30,1994.5,1978.9004,0.0,0.0,0.0,-15.599609375,2000.975,Buy,Buy,1,1994.5
2021-05-03,1959.050048828125,1973.4387,0.0,0.2263,0.11,14.388671875,1962.157704828125,Hold,Hold,0,0.0
2021-05-04,1916.5999755859373,1963.0746,0.0,0.0,0.0,46.47460937500023,1923.0749755859372,Buy,Buy,1,1916.5999755859373
2021-05-05,1920.0999755859373,1945.0073,-0.0258,0.5106,0.24,24.907348632812727,1918.9772475859372,Hold,Hold,0,0.0
2021-05-06,1931.0,1897.8837,0.3182,0.6908,0.5,-33.1163330078125,1927.195896,Hold,Hold,0,0.0
2021-05-07,1931.75,1902.0916,0.0,0.0,0.0,-29.658447265625,1938.225,Buy,Buy,1,1931.75
2021-05-10,1926.199951171875,1907.9292,0.08895,0.8767499999999999,0.48,-18.270751953125,1919.628911171875,Hold,Hold,0,0.0
2021-05-11,1933.1500244140625,1907.0929,0.0,0.0,0.0,-26.05712890625,1939.6250244140624,Buy,Buy,1,1933.1500244140625
2021-05-12,1913.1500244140625,1906.4412,0.0,0.7288,0.365,-6.7088623046875,1908.7804804140624,Hold,Hold,0,0.0
2021-05-14,1937.300048828125,1910.5883,0.33525,0.8041499999999999,0.57,-26.7117919921875,1931.8092968281248,Hold,Hold,0,0.0
2021-05-17,1960.3499755859373,1904.3008,0.0,0.7867,0.39,-56.04919433593727,1955.1188795859373,Hold,Hold,0,0.0
2021-05-18,1987.949951171875,1942.4307,0.0,0.765,0.38,-45.519287109375,1983.041751171875,Hold,Hold,0,0.0
2021-05-19,1997.050048828125,1959.19,0.0,0.0,0.0,-37.860107421875,2003.525048828125,Buy,Buy,1,1997.050048828125
2021-05-20,1985.4000244140625,1969.3492,0.0,0.0,0.0,-16.05078125,1991.8750244140624,Buy,Buy,1,1985.4000244140625
2021-05-21,2002.550048828125,1970.7502,0.0,0.0,0.0,-31.7998046875,2009.025048828125,Buy,Buy,1,2002.550048828125
2021-05-24,1985.6500244140625,1979.0256,0.0,0.0,0.0,-6.6243896484375,1992.1250244140624,Buy,Buy,1,1985.6500244140625
2021-05-25,1963.1500244140625,1978.6699,0.0,0.0,0.0,15.5198974609375,1969.6250244140624,Buy,Buy,1,1963.1500244140625
2021-05-26,1970.050048828125,1972.6791,0.0,0.0,0.0,2.6290283203125,1976.525048828125,Buy,Buy,1,1970.050048828125
2021-05-27,1976.0999755859373,1963.2335,0.0,0.0,0.0,-12.866455078124773,1982.5749755859372,Buy,Buy,1,1976.0999755859373
2021-05-28,2094.800048828125,1966.0896,0.0,0.0,0.0,-128.71044921875,2101.275048828125,Buy,Hold,0,0.0
2021-05-31,2160.300048828125,2012.1726,0.0,0.0,0.0,-148.12744140625,2166.775048828125,Hold,Hold,0,0.0
2021-06-01,2168.89990234375,2128.7932,0.0,0.0,0.0,-40.106689453125,2175.37490234375,Hold,Hold,0,0.0
2021-06-02,2201.25,2148.4011,0.0,0.8092,0.405,-52.848876953125,2195.684104,Hold,Hold,0,0.0
2021-06-03,2209.64990234375,2172.539,0.11333333333333336,0.5156666666666667,0.3133333333333333,-37.11083984375,2208.45178234375,Hold,Hold,0,0.0
2021-06-04,2190.5,2190.2483,0.0,0.16535,0.08000000000000003,-0.251708984375,2194.514592,Hold,Hold,0,0.0
2021-06-07,2227.39990234375,2167.9817,0.0,0.0,0.0,-59.418212890625,2233.87490234375,Hold,Hold,0,0.0
2021-06-08,2214.60009765625,2196.083,0.0,0.0,0.0,-18.51708984375,2221.07509765625,Hold,Hold,0,0.0
2021-06-09,2175.0,2173.771,0.0,0.0,0.0,-1.22900390625,2181.475,Hold,Hold,0,0.0
2021-06-10,2183.0,2176.806,0.0,-0.3021,-0.15000000000000002,-6.194091796875,2193.970248,Buy,Buy,1,2183.0
2021-06-11,2213.14990234375,2178.3835,0.0,-0.32899999999999996,-0.15999999999999998,-34.766357421875,2224.52042234375,Buy,Buy,1,2213.14990234375
2021-06-14,2244.89990234375,2186.4866,0.34,0.9390000000000001,0.64,-58.413330078125,2237.40258234375,Hold,Hold,0,0.0
2021-06-15,2250.0,2221.151,0.0,0.0,0.0,-28.84912109375,2256.475,Hold,Hold,0,0.0
2021-06-16,2211.60009765625,2232.667,0.0,0.5994,0.3,21.06689453125,2209.1560256562498,Hold,Hold,0,0.0
2021-06-17,2215.64990234375,2222.8274,0.17,0.43535,0.3,7.177490234375,2215.64689434375,Hold,Hold,0,0.0
2021-06-18,2225.64990234375,2215.4011,0.0,0.0,0.0,-10.248779296875,2232.12490234375,Hold,Hold,0,0.0
2021-06-21,2237.25,2218.5457,0.0,0.9915,0.5,-18.704345703125,2228.9714799999997,Hold,Hold,0,0.0
2021-06-22,2225.75,2228.1433,0.0,0.0,0.0,2.393310546875,2232.225,Hold,Hold,0,0.0
2021-06-23,2205.35009765625,2228.511,0.0,0.0,0.0,23.160888671875,2211.82509765625,Hold,Hold,0,0.0
2021-06-24,2153.5,2219.513,0.0,0.743,0.37,66.012939453125,2148.91916,Hold,Hold,0,0.0
2021-06-25,2104.449951171875,2171.9287,0.0,0.8785333333333334,0.4366666666666667,67.478759765625,2097.852375171875,Hold,Hold,0,0.0
2021-06-28,2086.0,2121.623,0.0,0.19655,0.1,35.623046875,2089.550336,Hold,Hold,0,0.0
2021-06-29,2087.800048828125,2104.143,0.0,0.0,0.0,16.343017578125,2094.275048828125,Buy,Hold,0,0.0
2021-06-30,2110.64990234375,2093.6458,0.0,0.96805,0.485,-17.004150390625,2102.72031834375,Hold,Hold,0,0.0
2021-07-01,2097.949951171875,2094.1897,0.0,0.0,0.0,-3.76025390625,2104.424951171875,Buy,Hold,0,0.0
2021-07-02,2129.050048828125,2084.9329,0.0,0.0,0.0,-44.1171875,2135.525048828125,Buy,Hold,0,0.0
2021-07-05,2150.199951171875,2087.4673,0.0,0.0,0.0,-62.732666015625,2156.674951171875,Buy,Hold,0,0.0
2021-07-06,2124.800048828125,2127.4517,0.0,0.0,0.0,2.651611328125,2131.275048828125,Buy,Hold,0,0.0
2021-07-07,2110.050048828125,2134.4614,0.0,0.0,0.0,24.411376953125,2116.525048828125,Buy,Hold,0,0.0
2021-07-08,2092.60009765625,2119.814,0.0,0.0,0.0,27.2138671875,2099.07509765625,Buy,Hold,0,0.0
2021-07-09,2071.199951171875,2104.0393,0.0,0.0,0.0,32.83935546875,2077.674951171875,Buy,Hold,0,0.0
2021-07-12,2084.10009765625,2073.7693,0.0,0.0,0.0,-10.330810546875,2090.57509765625,Buy,Hold,0,0.0
2021-07-13,2099.699951171875,2051.6033,0.2718333333333333,0.7047,0.4866666666666666,-48.0966796875,2095.689015171875,Hold,Hold,0,0.0
2021-07-14,2086.0,2066.4727,0.0,0.0,0.0,-19.52734375,2092.475,Buy,Hold,0,0.0
2021-07-15,2082.35009765625,2086.7417,0.0,0.0,0.0,4.3916015625,2088.82509765625,Buy,Hold,0,0.0
2021-07-16,2112.39990234375,2068.1418,0.0,0.29600000000000004,0.15,-44.258056640625,2114.4704223437498,Hold,Hold,0,0.0
2021-07-19,2098.949951171875,2076.8242,0.0,0.9345,0.47,-22.125732421875,2091.5195911718747,Hold,Hold,0,0.0
2021-07-20,2093.800048828125,2103.8691,0.0,0.9345,0.47,10.069091796875,2086.3696888281247,Hold,Hold,0,0.0
2021-07-22,2120.699951171875,2097.334,0.0,0.5423,0.27,-23.365966796875,2119.105527171875,Hold,Hold,0,0.0
2021-07-23,2105.699951171875,2102.8513,0.0,0.0,0.0,-2.8486328125,2112.174951171875,Buy,Hold,0,0.0
2021-07-26,2076.85009765625,2107.1997,0.4008000000000001,0.28369999999999995,0.34,30.349609375,2079.1036416562497,Hold,Hold,0,0.0
2021-07-27,2055.0,2095.688,0.0,0.5423,0.27,40.68798828125,2053.405576,Hold,Hold,0,0.0
2021-07-28,2037.3499755859373,2055.8318,0.0,0.0,0.0,18.481811523437727,2043.8249755859372,Buy,Hold,0,0.0
2021-07-29,2053.25,2025.0828,0.0,0.0,0.0,-28.167236328125,2059.725,Buy,Hold,0,0.0
2021-07-30,2035.300048828125,2022.7815,0.0,0.0,0.0,-12.5185546875,2041.775048828125,Buy,Hold,0,0.0
2021-08-02,2072.5,2021.2197,0.0,0.0,0.0,-51.2802734375,2078.975,Buy,Hold,0,0.0
2021-08-03,2087.75,2025.2036,0.26425,0.453325,0.3575,-62.54638671875,2087.479524,Hold,Hold,0,0.0
2021-08-04,2103.75,2071.6736,0.0,0.9409,0.47,-32.076416015625,2096.224408,Hold,Hold,0,0.0
2021-08-05,2134.25,2090.254,0.17,0.9038,0.535,-43.99609375,2127.276456,Hold,Hold,0,0.0
2021-08-06,2089.050048828125,2102.3545,0.1779,0.8658,0.52,13.304443359375,2082.641944828125,Hold,Hold,0,0.0
2021-08-09,2077.14990234375,2090.1528,0.0,0.5106,0.26,13.0029296875,2076.0271743437497,Hold,Hold,0,0.0
2021-08-10,2088.050048828125,2082.6719,0.0,0.7452,0.37333333333333335,-5.378173828125,2083.436472828125,Hold,Hold,0,0.0
2021-08-11,2117.300048828125,2080.8542,0.0,0.0516,0.03,-36.44580078125,2123.007240828125,Hold,Hold,0,0.0
2021-08-12,2110.5,2096.8408,0.0,0.0,0.0,-13.6591796875,2116.975,Buy,Hold,0,0.0
2021-08-13,2145.64990234375,2105.8423,0.0,0.0,0.0,-39.8076171875,2152.12490234375,Buy,Hold,0,0.0
2021-08-16,2173.5,2121.1804,0.0,0.9919,0.5,-52.319580078125,2165.2155279999997,Hold,Hold,0,0.0
2021-08-17,2164.25,2140.154,0.0,0.0,0.0,-24.095947265625,2170.725,Hold,Hold,0,0.0
2021-08-18,2172.64990234375,2144.5571,0.0,0.0,0.0,-28.0927734375,2179.12490234375,Hold,Hold,0,0.0
2021-08-20,2148.25,2150.1067,0.0,0.8505,0.43,1.856689453125,2142.06956,Hold,Hold,0,0.0
2021-08-23,2162.35009765625,2144.2283,0.0,0.6369,0.32,-18.121826171875,2159.34802565625,Hold,Hold,0,0.0
2021-08-24,2183.699951171875,2150.3992,0.0,0.8207,0.41,-33.30078125,2177.962935171875,Hold,Hold,0,0.0
2021-08-25,2202.60009765625,2164.4924,0.0,0.0,0.0,-38.107666015625,2209.07509765625,Hold,Hold,0,0.0
2021-08-26,2230.449951171875,2179.6238,0.7184,0.8973,0.81,-50.826171875,2223.573127171875,Hold,Hold,0,0.0
2021-08-27,2227.39990234375,2196.9666,0.0,0.4215,0.21,-30.433349609375,2227.6029823437498,Hold,Hold,0,0.0
2021-08-30,2270.25,2205.7532,0.0,0.0,0.0,-64.496826171875,2276.725,Hold,Hold,0,0.0
2021-08-31,2258.14990234375,2225.58,0.0,0.0,0.0,-32.56982421875,2264.62490234375,Hold,Hold,0,0.0
2021-09-01,2267.10009765625,2229.9856,0.0,0.78215,0.395,-37.114501953125,2261.93670565625,Hold,Hold,0,0.0
2021-09-02,2294.39990234375,2238.2566,0.0,0.0,0.0,-56.143310546875,2300.87490234375,Hold,Hold,0,0.0
2021-09-03,2388.5,2254.4324,0.11333333333333336,0.7958,0.4533333333333334,-134.067626953125,2383.133496,Hold,Hold,0,0.0
2021-09-06,2425.60009765625,2349.4104,0.0,0.8613,0.43,-76.189697265625,2419.25895365625,Hold,Hold,0,0.0
2021-09-07,2440.89990234375,2401.42,0.17,0.94355,0.5549999999999999,-39.47998046875,2433.33487834375,Hold,Hold,0,0.0
2021-09-08,2431.35009765625,2424.2117,0.0,0.4215,0.21,-7.138427734375,2431.5531776562498,Hold,Hold,0,0.0
2021-09-09,2425.60009765625,2389.8503,0.0,0.2263,0.11,-35.749755859375,2428.70775365625,Hold,Hold,0,0.0
2021-09-13,2371.550048828125,2379.8757,0.0,0.8777,0.44,8.32568359375,2364.964872828125,Hold,Hold,0,0.0
2021-09-14,2368.449951171875,2372.4043,0.0,0.0,0.0,3.954345703125,2374.924951171875,Hold,Hold,0,0.0
2021-09-15,2378.300048828125,2372.6875,0.0,0.0,0.0,-5.612548828125,2384.775048828125,Hold,Hold,0,0.0
2021-09-16,2428.199951171875,2367.9932,0.0,0.0,0.0,-60.206787109375,2434.674951171875,Hold,Hold,0,0.0
2021-09-17,2390.550048828125,2383.942,0.0,0.0,0.0,-6.608154296875,2397.025048828125,Hold,Hold,0,0.0
2021-09-20,2394.35009765625,2410.4402,0.0,0.0,0.0,16.090087890625,2400.82509765625,Hold,Hold,0,0.0
2021-09-21,2404.699951171875,2384.266,0.0,0.0,0.0,-20.433837890625,2411.174951171875,Hold,Hold,0,0.0
2021-09-22,2430.5,2392.005,0.0,0.0,0.0,-38.4951171875,2436.975,Hold,Hold,0,0.0
2021-09-23,2489.89990234375,2414.1277,0.0,0.6369,0.32,-75.772216796875,2486.89783034375,Hold,Hold,0,0.0
2021-09-24,2482.699951171875,2441.0771,0.212,0.9379666666666668,0.5766666666666667,-41.622802734375,2475.218007171875,Hold,Hold,0,0.0
2021-09-27,2524.449951171875,2446.8008,0.0,0.0,0.0,-77.649169921875,2530.924951171875,Hold,Hold,0,0.0
2021-09-28,2548.050048828125,2468.749,0.0,0.0,0.0,-79.301025390625,2554.525048828125,Hold,Hold,0,0.0
2021-09-29,2527.85009765625,2490.248,0.0,0.0,0.0,-37.60205078125,2534.32509765625,Hold,Hold,0,0.0
2021-09-30,2519.25,2494.2527,0.0,0.0,0.0,-24.997314453125,2525.725,Hold,Hold,0,0.0
2021-10-01,2523.699951171875,2496.3538,0.0,0.0,0.0,-27.34619140625,2530.174951171875,Hold,Hold,0,0.0
2021-10-04,2556.14990234375,2505.5913,0.0,0.6515666666666667,0.32666666666666666,-50.55859375,2552.92959034375,Hold,Hold,0,0.0
2021-10-05,2609.199951171875,2525.7524,0.0,0.0,0.0,-83.447509765625,2615.674951171875,Hold,Hold,0,0.0
2021-10-06,2559.85009765625,2557.1086,0.0,0.0,0.0,-2.741455078125,2566.32509765625,Hold,Hold,0,0.0
2021-10-07,2572.39990234375,2555.159,0.0,0.6483,0.3233333333333333,-17.240966796875,2569.2281983437497,Hold,Hold,0,0.0
2021-10-08,2671.25,2561.2124,0.0,0.51845,0.26,-110.03759765625,2670.010464,Hold,Hold,0,0.0
2021-10-11,2652.64990234375,2601.607,0.02965,0.7464666666666666,0.38833333333333336,-51.04296875,2648.01747834375,Hold,Hold,0,0.0
2021-10-12,2667.800048828125,2611.048,0.0,0.0,0.0,-56.751953125,2674.275048828125,Hold,Hold,0,0.0
2021-10-13,2694.949951171875,2622.379,0.3915666666666667,0.8551333333333334,0.6233333333333334,-72.571044921875,2688.700567171875,Hold,Hold,0,0.0
2021-10-14,2700.39990234375,2641.635,0.4088,0.8707499999999999,0.64,-58.764892578125,2693.91814234375,Hold,Hold,0,0.0
2021-10-18,2707.60009765625,2656.732,0.0,0.5859,0.29,-50.8681640625,2705.35690565625,Hold,Hold,0,0.0
2021-10-19,2731.85009765625,2671.3704,0.4390666666666667,0.6831666666666667,0.5633333333333334,-60.479736328125,2728.15957765625,Hold,Hold,0,0.0
2021-10-20,2700.39990234375,2689.6272,0.0,0.5025333333333334,0.25,-10.772705078125,2699.39720634375,Hold,Hold,0,0.0
2021-10-21,2622.5,2688.4365,0.0,0.0,0.0,65.9365234375,2628.975,Hold,Hold,0,0.0
2021-10-22,2627.39990234375,2669.345,0.0,0.95205,0.475,41.945068359375,2619.70839834375,Hold,Hold,0,0.0
2021-10-25,2601.800048828125,2595.0684,0.0,0.0,0.0,-6.731689453125,2608.275048828125,Hold,Hold,0,0.0
2021-10-26,2661.050048828125,2583.954,0.0,0.0,0.0,-77.095947265625,2667.525048828125,Hold,Hold,0,0.0
2021-10-27,2627.39990234375,2599.2432,0.0,0.5859,0.29,-28.15673828125,2625.15671034375,Hold,Hold,0,0.0
2021-10-28,2598.60009765625,2631.4739,0.0,0.6561,0.33,32.873779296875,2595.31232965625,Hold,Hold,0,0.0
2021-10-29,2536.25,2585.229,0.0,0.0,0.0,48.97900390625,2542.725,Hold,Hold,0,0.0
2021-11-01,2537.800048828125,2546.451,0.0,0.0,0.0,8.65087890625,2544.275048828125,Hold,Hold,0,0.0
2021-11-02,2500.800048828125,2531.6929,0.0,0.0,0.0,30.892822265625,2507.275048828125,Hold,Hold,0,0.0
2021-11-03,2483.60009765625,2505.447,0.0,0.29600000000000004,0.15,21.846923828125,2485.6706176562498,Hold,Hold,0,0.0
2021-11-04,2498.85009765625,2485.5413,0.0,0.0,0.0,-13.308837890625,2505.32509765625,Hold,Hold,0,0.0
2021-11-08,2501.949951171875,2481.5452,0.0,0.0,0.0,-20.40478515625,2508.424951171875,Hold,Hold,0,0.0
2021-11-09,2521.699951171875,2475.7185,0.1366,0.93785,0.54,-45.9814453125,2514.219743171875,Hold,Hold,0,0.0
2021-11-10,2549.89990234375,2477.609,0.0,0.0,0.0,-72.291015625,2556.37490234375,Hold,Hold,0,0.0
2021-11-11,2554.550048828125,2517.7634,0.0,0.0,0.0,-36.78662109375,2561.025048828125,Hold,Hold,0,0.0
2021-11-12,2593.10009765625,2546.414,0.0,0.7667999999999999,0.385,-46.68603515625,2588.16511365625,Hold,Hold,0,0.0
2021-11-15,2577.800048828125,2557.5847,0.0,0.0,0.0,-20.21533203125,2584.275048828125,Hold,Hold,0,0.0
2021-11-16,2517.89990234375,2557.8486,0.0,0.0,0.0,39.94873046875,2524.37490234375,Hold,Hold,0,0.0
2021-11-17,2464.0,2538.454,0.0,0.0,0.0,74.4541015625,2470.475,Hold,Hold,0,0.0
2021-11-18,2473.300048828125,2500.2942,0.0,0.0,0.0,26.994140625,2479.775048828125,Hold,Hold,0,0.0
2021-11-22,2363.75,2444.3267,0.0,0.7351,0.37,80.57666015625,2359.286712,Hold,Hold,0,0.0
2021-11-23,2385.85009765625,2406.025,-0.3182,0.2023,-0.06,20.1748046875,2389.31487365625,Hold,Hold,0,0.0
2021-11-24,2351.39990234375,2401.4595,0.0,0.0,0.0,50.0595703125,2357.87490234375,Hold,Hold,0,0.0
2021-11-25,2492.949951171875,2381.5085,0.03558,0.5471,0.292,-111.44140625,2491.284103171875,Hold,Hold,0,0.0
2021-11-26,2412.60009765625,2417.7864,0.0,0.0,0.0,5.186279296875,2419.07509765625,Hold,Hold,0,0.0
2021-11-29,2441.5,2457.7703,0.0,0.6696,0.3325,16.270263671875,2438.011352,Hold,Hold,0,0.0
2021-11-30,2405.39990234375,2398.4004,0.0,0.235,0.12,-6.99951171875,2408.37810234375,Hold,Hold,0,0.0
2021-12-01,2467.0,2428.4922,0.0,0.0,0.0,-38.5078125,2473.475,Hold,Hold,0,0.0
2021-12-02,2482.85009765625,2420.7263,0.11333333333333336,0.4933,0.3033333333333333,-62.123779296875,2481.98479365625,Hold,Hold,0,0.0
2021-12-03,2408.25,2453.827,-0.0258,0.5106,0.24,45.576904296875,2407.1272719999997,Hold,Hold,0,0.0
2021-12-06,2362.60009765625,2430.03,0.0,0.0,0.0,67.429931640625,2369.07509765625,Hold,Hold,0,0.0
2021-12-07,2381.85009765625,2390.8467,0.0,0.996,0.5,8.99658203125,2373.50461765625,Hold,Hold,0,0.0
2021-12-08,2418.10009765625,2348.0027,0.0,0.8491666666666667,0.4266666666666667,-70.097412109375,2411.93949765625,Hold,Hold,0,0.0
2021-12-09,2456.449951171875,2363.8428,0.0,0.0,0.0,-92.607177734375,2462.924951171875,Hold,Hold,0,0.0
2021-12-10,2458.949951171875,2427.1118,0.0,0.5553,0.275,-31.838134765625,2457.162087171875,Hold,Hold,0,0.0
2021-12-13,2409.64990234375,2448.0525,0.0,0.0,0.0,38.402587890625,2416.12490234375,Hold,Hold,0,0.0
2021-12-14,2380.14990234375,2433.0593,0.0,0.0,0.0,52.909423828125,2386.62490234375,Hold,Hold,0,0.0
2021-12-15,2373.199951171875,2392.9038,0.2023,0.4767,0.34,19.703857421875,2372.581655171875,Hold,Hold,0,0.0
2021-12-16,2403.89990234375,2349.37,0.67545,0.9571,0.815,-54.52978515625,2396.1332543437497,Hold,Hold,0,0.0
2021-12-17,2340.449951171875,2356.0286,0.0,0.0,0.0,15.57861328125,2346.924951171875,Hold,Hold,0,0.0
2021-12-20,2277.35009765625,2379.182,0.0,0.0,0.0,101.831787109375,2283.82509765625,Hold,Hold,0,0.0
2021-12-21,2311.25,2297.807,0.0,0.7288,0.365,-13.443115234375,2306.880456,Hold,Hold,0,0.0
2021-12-22,2366.10009765625,2300.7812,0.0,0.4588,0.23,-65.31884765625,2365.74815365625,Hold,Hold,0,0.0
2021-12-23,2365.25,2313.4846,0.0,0.0,0.0,-51.765380859375,2371.725,Hold,Hold,0,0.0
2021-12-24,2372.800048828125,2356.5525,0.0,0.0,0.0,-16.24755859375,2379.275048828125,Hold,Hold,0,0.0
2021-12-27,2370.25,2368.911,0.0,0.2263,0.11,-1.339111328125,2373.357656,Hold,Hold,0,0.0
2021-12-28,2398.39990234375,2369.3909,0.0,0.0,0.0,-29.009033203125,2404.87490234375,Hold,Hold,0,0.0
2021-12-29,2402.5,2378.08,0.0,0.0,0.0,-24.419921875,2408.975,Hold,Hold,0,0.0
2021-12-30,2359.10009765625,2383.2598,0.0,0.3021,0.15000000000000002,24.15966796875,2361.0798496562497,Hold,Hold,0,0.0
2021-12-31,2368.14990234375,2367.913,0.191775,0.777025,0.485,-0.23681640625,2363.06277034375,Hold,Hold,0,0.0
2022-01-03,2403.85009765625,2365.6243,0.0,0.0,0.0,-38.225830078125,2410.32509765625,Hold,Hold,0,0.0
2022-01-04,2458.10009765625,2380.2466,0.0,0.9313,0.47,-77.853515625,2450.71735365625,Hold,Hold,0,0.0
2022-01-05,2469.60009765625,2415.7297,0.0,0.0,0.0,-53.870361328125,2476.07509765625,Hold,Hold,0,0.0
2022-01-06,2416.5,2430.2314,0.12726666666666667,0.40596666666666653,0.26666666666666666,13.7314453125,2416.934216,Hold,Hold,0,0.0
2022-01-07,2436.0,2419.4553,0.0,0.8455600000000001,0.42200000000000004,-16.544677734375,2429.8930672,Hold,Hold,0,0.0
2022-01-10,2438.0,2424.3303,0.0,0.9702,0.49,-13.669677734375,2430.038424,Hold,Hold,0,0.0
2022-01-11,2455.550048828125,2430.4175,0.0,0.9773,0.49,-25.132568359375,2447.482824828125,Hold,Hold,0,0.0
2022-01-12,2521.10009765625,2438.982,0.0,0.0,0.0,-82.1181640625,2527.57509765625,Hold,Hold,0,0.0
2022-01-13,2535.300048828125,2467.206,0.0,0.9690000000000001,0.48,-68.093994140625,2527.356328828125,Hold,Hold,0,0.0
2022-01-14,2539.0,2487.7256,0.0,0.0,0.0,-51.2744140625,2545.475,Hold,Hold,0,0.0
2022-01-17,2552.25,2501.477,0.0,0.0,0.0,-50.77294921875,2558.725,Hold,Hold,0,0.0
2022-01-18,2521.800048828125,2514.6416,0.0,0.8858,0.44,-7.158447265625,2515.094344828125,Hold,Hold,0,0.0
2022-01-19,2521.60009765625,2510.1135,0.039985714285714284,0.6047142857142856,0.32285714285714284,-11.486572265625,2519.0769490848215,Hold,Hold,0,0.0
2022-01-20,2477.449951171875,2511.4158,0.0,0.0,0.0,33.9658203125,2483.924951171875,Hold,Hold,0,0.0
2022-01-21,2477.85009765625,2502.1602,0.0,0.8145000000000001,0.4066666666666667,24.31005859375,2472.20533765625,Hold,Hold,0,0.0
2022-01-24,2377.89990234375,2457.732,0.10115,0.925,0.515,79.83203125,2370.61090234375,Hold,Hold,0,0.0
2022-01-25,2373.25,2411.6785,0.0,0.0,0.0,38.428466796875,2379.725,Hold,Hold,0,0.0
2022-01-27,2338.10009765625,2391.422,0.0,0.0,0.0,53.322021484375,2344.57509765625,Hold,Hold,0,0.0
2022-01-28,2335.85009765625,2369.3628,0.0,0.0,0.0,33.5126953125,2342.32509765625,Hold,Hold,0,0.0
2022-01-31,2386.60009765625,2355.1196,0.0,0.96235,0.48,-31.48046875,2378.75532965625,Hold,Hold,0,0.0
2022-02-01,2378.699951171875,2359.5217,0.0,0.9666,0.48,-19.17822265625,2370.791943171875,Hold,Hold,0,0.0
2022-02-02,2383.550048828125,2350.7415,0.0,0.0,0.0,-32.80859375,2390.025048828125,Hold,Hold,0,0.0
2022-02-03,2352.75,2352.2075,0.0,0.0,0.0,-0.54248046875,2359.225,Hold,Hold,0,0.0
2022-02-04,2331.300048828125,2365.5703,0.0,0.0,0.0,34.270263671875,2337.775048828125,Hold,Hold,0,0.0
2022-02-07,2317.10009765625,2325.7378,0.0,0.815,0.405,8.6376953125,2311.44789765625,Hold,Hold,0,0.0
2022-02-08,2356.050048828125,2301.095,0.0,0.0,0.0,-54.955078125,2362.525048828125,Hold,Hold,0,0.0
2022-02-09,2383.5,2301.7456,0.0,0.0,0.0,-81.75439453125,2389.975,Hold,Hold,0,0.0
2022-02-10,2381.050048828125,2363.193,0.16463333333333333,0.8076,0.4866666666666666,-17.85693359375,2375.507960828125,Hold,Hold,0,0.0
2022-02-11,2376.39990234375,2376.7478,0.0,0.0,0.0,0.347900390625,2382.87490234375,Hold,Hold,0,0.0
2022-02-14,2338.550048828125,2377.3105,0.0,0.394,0.19666666666666666,38.760498046875,2339.162328828125,Hold,Hold,0,0.0
2022-02-15,2417.949951171875,2362.2883,0.0,0.84995,0.425,-55.66162109375,2411.7776951718747,Hold,Hold,0,0.0
2022-02-16,2412.949951171875,2356.9033,0.0,0.0,0.0,-56.046630859375,2419.424951171875,Hold,Hold,0,0.0
2022-02-17,2443.5,2391.085,-0.1591,0.51315,0.175,-52.4150390625,2442.339328,Hold,Hold,0,0.0
2022-02-18,2424.39990234375,2405.861,0.0,0.0,0.0,-18.538818359375,2430.87490234375,Hold,Hold,0,0.0
2022-02-21,2399.89990234375,2408.782,0.0,0.0,0.0,8.882080078125,2406.37490234375,Hold,Hold,0,0.0
2022-02-22,2389.0,2406.0427,0.0,0.0,0.0,17.042724609375,2395.475,Hold,Hold,0,0.0
2022-02-23,2374.050048828125,2398.5916,-0.0258,0.5106,0.24,24.54150390625,2372.9273208281247,Hold,Hold,0,0.0
2022-02-24,2255.75,2381.7092,0.0,0.9245,0.46,125.959228515625,2248.46844,Hold,Hold,0,0.0
2022-02-25,2283.949951171875,2315.0566,0.0,0.4215,0.21,31.106689453125,2284.1530311718748,Hold,Hold,0,0.0
2022-02-28,2359.550048828125,2286.0652,0.17,-0.8734999999999999,-0.35,-73.48486328125,2379.022728828125,Buy,Buy,1,2359.550048828125
2022-03-02,2398.550048828125,2309.1924,0.0,0.43535,0.215,-89.357666015625,2398.547040828125,Hold,Hold,0,0.0
2022-03-03,2378.300048828125,2347.959,0.1366,0.6271,0.385,-30.341064453125,2375.443800828125,Hold,Hold,0,0.0
2022-03-04,2325.550048828125,2384.5793,0.0,0.0,0.0,59.029296875,2332.025048828125,Hold,Hold,0,0.0
2022-03-07,2239.550048828125,2359.5056,0.0,0.0,0.0,119.95556640625,2246.025048828125,Hold,Hold,0,0.0
2022-03-08,2235.5,2278.9707,0.0,0.0,0.0,43.470703125,2241.975,Hold,Hold,0,0.0
2022-03-09,2354.10009765625,2237.4724,0.0,0.0,0.0,-116.627685546875,2360.57509765625,Hold,Hold,0,0.0
2022-03-10,2392.25,2267.5981,0.24635,0.14455,0.195,-124.65185546875,2396.574096,Hold,Hold,0,0.0
2022-03-11,2399.14990234375,2352.1948,0.0,0.20095,0.1,-46.955078125,2402.63476634375,Hold,Hold,0,0.0
2022-03-14,2418.85009765625,2368.444,0.0,0.0,0.0,-50.406005859375,2425.32509765625,Hold,Hold,0,0.0
2022-03-15,2363.449951171875,2383.2346,0.1779,0.9492,0.56,19.78466796875,2355.800855171875,Hold,Hold,0,0.0
2022-03-16,2403.35009765625,2367.7744,0.0,0.0,0.0,-35.57568359375,2409.82509765625,Hold,Hold,0,0.0
2022-03-17,2481.699951171875,2374.0515,0.0,0.0,0.0,-107.6484375,2488.174951171875,Hold,Hold,0,0.0
2022-03-21,2467.39990234375,2413.178,0.0,0.89315,0.445,-54.221923828125,2460.58483034375,Hold,Hold,0,0.0
2022-03-22,2531.14990234375,2416.6555,0.0,0.9636,0.48,-114.494384765625,2523.2865343437497,Hold,Hold,0,0.0
2022-03-23,2539.199951171875,2469.3416,0.0,0.0,0.0,-69.8583984375,2545.674951171875,Hold,Hold,0,0.0
2022-03-24,2578.64990234375,2481.601,0.0,0.0,0.0,-97.048828125,2585.12490234375,Hold,Hold,0,0.0
2022-03-25,2595.85009765625,2517.9326,0.0,0.0,0.0,-77.91748046875,2602.32509765625,Hold,Hold,0,0.0
2022-03-28,2621.949951171875,2539.1606,0.0,0.7351,0.37,-82.789306640625,2617.486663171875,Hold,Hold,0,0.0
2022-03-29,2622.550048828125,2567.15,0.0,0.0,0.0,-55.400146484375,2629.025048828125,Hold,Hold,0,0.0
2022-03-30,2672.949951171875,2565.5527,0.0,0.0,0.0,-107.397216796875,2679.424951171875,Hold,Hold,0,0.0
2022-03-31,2634.75,2605.015,-0.3182,0.41745,0.05,-29.735107421875,2635.013344,Hold,Hold,0,0.0
2022-04-01,2655.85009765625,2605.6729,0.0,0.0,0.0,-50.17724609375,2662.32509765625,Hold,Hold,0,0.0
2022-04-04,2663.699951171875,2621.5156,0.0,0.0,0.0,-42.184326171875,2670.174951171875,Hold,Hold,0,0.0
2022-04-05,2626.050048828125,2637.5771,0.0,0.0,0.0,11.527099609375,2632.525048828125,Hold,Hold,0,0.0
2022-04-06,2619.050048828125,2634.1472,0.1779,0.9666,0.57,15.09716796875,2611.142040828125,Hold,Hold,0,0.0
2022-04-07,2572.85009765625,2628.1912,0.5106,0.8909999999999999,0.7,55.341064453125,2566.06701765625,Hold,Hold,0,0.0
2022-04-08,2615.64990234375,2594.5603,0.0,0.0,0.0,-21.089599609375,2622.12490234375,Hold,Hold,0,0.0
2022-04-11,2610.199951171875,2559.086,0.0,0.0,0.0,-51.114013671875,2616.674951171875,Hold,Hold,0,0.0
2022-04-12,2561.050048828125,2592.5698,0.0,0.0,0.0,31.519775390625,2567.525048828125,Hold,Hold,0,0.0
2022-04-13,2551.64990234375,2575.9138,0.0,0.0,0.0,24.263916015625,2558.12490234375,Hold,Hold,0,0.0
2022-04-18,2543.85009765625,2529.0828,0.0,0.0,0.0,-14.767333984375,2550.32509765625,Hold,Hold,0,0.0
2022-04-19,2640.800048828125,2519.832,0.0,0.0,0.0,-120.968017578125,2647.275048828125,Hold,Hold,0,0.0
2022-04-20,2718.449951171875,2546.4443,-0.14784999999999998,0.7164,0.28500000000000003,-172.005615234375,2714.2649191718747,Hold,Hold,0,0.0
2022-04-21,2782.10009765625,2649.9807,0.0,-0.2263,-0.11,-132.119384765625,2791.9424416562497,Buy,Buy,1,2782.10009765625
2022-04-22,2758.800048828125,2749.2317,0.4588,0.8442,0.65,-9.568359375,2752.7133528281247,Hold,Hold,0,0.0
2022-04-25,2695.0,2707.501,0.0,0.0,0.0,12.5009765625,2701.475,Hold,Hold,0,0.0
2022-04-26,2775.64990234375,2677.3796,0.0,0.0,0.0,-98.270263671875,2782.12490234375,Hold,Hold,0,0.0
2022-04-27,2778.35009765625,2705.694,0.24695,0.93275,0.59,-72.656005859375,2770.94577765625,Hold,Hold,0,0.0
2022-04-28,2819.85009765625,2721.3083,0.0,0.9618,0.48,-98.541748046875,2812.01351365625,Hold,Hold,0,0.0
2022-04-29,2790.25,2751.7551,0.0,0.2263,0.11,-38.494873046875,2793.357656,Hold,Hold,0,0.0
2022-05-02,2780.449951171875,2761.9795,0.0,0.0,0.0,-18.470458984375,2786.924951171875,Hold,Hold,0,0.0
2022-05-04,2693.64990234375,2773.8025,0.0,0.0,0.0,80.152587890625,2700.12490234375,Hold,Hold,0,0.0
2022-05-05,2640.89990234375,2750.7957,0.0,0.0,0.0,109.895751953125,2647.37490234375,Hold,Hold,0,0.0
2022-05-06,2620.64990234375,2648.7388,0.0,0.85475,0.43,28.0888671875,2614.40622234375,Hold,Hold,0,0.0
